{
  "input_nodes": 5,
  "output_nodes": 1,
  "weights_io": {
    "rows": 1,
    "cols": 5,
    "data": [
      [
        0.21500865253268042,
        0.6741986438763115,
        -0.8536392753500337,
        -0.2552011947767907,
        0.508939745260079
      ]
    ]
  },
  "bias_o": {
    "rows": 1,
    "cols": 1,
    "data": [
      [
        0.0526866403158662
      ]
    ]
  },
  "learning_rate": 0.1,
  "activation_function": {}
}
