{
  "input_nodes": 7,
  "output_nodes": 1,
  "weights_io": {
    "rows": 1,
    "cols": 7,
    "data": [
      [
        0.16995722240114716,
        0.8312083355960183,
        0.6369029643300435,
        -0.4715284181005388,
        -0.7980168946373616,
        -0.5446585712818988,
        0.9905769502260804
      ]
    ]
  },
  "bias_o": {
    "rows": 1,
    "cols": 1,
    "data": [
      [
        0.16418226202983455
      ]
    ]
  },
  "learning_rate": 0.1,
  "activation_function": {}
}
